architecture,epochs,batch_size,optimizer,test_score,history_loss,history_score
"[{'name': 'embedding_1', 'trainable': True, 'batch_input_shape': (None, 100), 'dtype': 'float32', 'input_dim': 725, 'output_dim': 200, 'embeddings_initializer': {'class_name': 'RandomUniform', 'config': {'minval': -0.05, 'maxval': 0.05, 'seed': None}}, 'embeddings_regularizer': None, 'activity_regularizer': None, 'embeddings_constraint': None, 'mask_zero': False, 'input_length': 100, '_type': <class 'keras.layers.embeddings.Embedding'>}, {'name': 'lstm_1', 'trainable': True, 'dtype': 'float32', 'return_sequences': False, 'return_state': False, 'go_backwards': False, 'stateful': False, 'unroll': False, 'units': 32, 'activation': 'tanh', 'recurrent_activation': 'hard_sigmoid', 'use_bias': True, 'kernel_initializer': {'class_name': 'VarianceScaling', 'config': {'scale': 1.0, 'mode': 'fan_avg', 'distribution': 'uniform', 'seed': None}}, 'recurrent_initializer': {'class_name': 'Orthogonal', 'config': {'gain': 1.0, 'seed': None}}, 'bias_initializer': {'class_name': 'Zeros', 'config': {}}, 'unit_forget_bias': True, 'kernel_regularizer': None, 'recurrent_regularizer': None, 'bias_regularizer': None, 'activity_regularizer': None, 'kernel_constraint': None, 'recurrent_constraint': None, 'bias_constraint': None, 'dropout': 0.0, 'recurrent_dropout': 0.0, 'implementation': 1, '_type': <class 'keras.layers.recurrent.LSTM'>}]",15,256,"{'lr': 0.0010000000474974513, 'beta_1': 0.8999999761581421, 'beta_2': 0.9990000128746033, 'decay': 0.0, 'epsilon': 1e-07, 'amsgrad': False, '_type': <class 'keras.optimizers.Adam'>}",0.7986666667244651,"[0.6057276090401322, 0.414068083385923, 0.389946608806724, 0.36924042020626924, 0.3594301566472694, 0.3489659410590556, 0.3426786127090454, 0.33256463744391257, 0.3306486556565584, 0.32485349088284504, 0.31733148651692406, 0.3145820904596528, 0.30747137935126007, 0.299875553792982, 0.30001201761302665]","[0.6526567163253898, 0.8135522388842569, 0.825611940149051, 0.8386865670147227, 0.8426865672353488, 0.8435820895166539, 0.8484179104121763, 0.8515820896305255, 0.8521791043850913, 0.8562985073132301, 0.8610746269368413, 0.860835820746066, 0.8638208956576106, 0.8681194028356182, 0.8679402986355682]"
"[{'name': 'embedding_2', 'trainable': True, 'batch_input_shape': (None, 100), 'dtype': 'float32', 'input_dim': 725, 'output_dim': 500, 'embeddings_initializer': {'class_name': 'RandomUniform', 'config': {'minval': -0.05, 'maxval': 0.05, 'seed': None}}, 'embeddings_regularizer': None, 'activity_regularizer': None, 'embeddings_constraint': None, 'mask_zero': False, 'input_length': 100, '_type': <class 'keras.layers.embeddings.Embedding'>}, {'name': 'lstm_2', 'trainable': True, 'dtype': 'float32', 'return_sequences': False, 'return_state': False, 'go_backwards': False, 'stateful': False, 'unroll': False, 'units': 32, 'activation': 'tanh', 'recurrent_activation': 'hard_sigmoid', 'use_bias': True, 'kernel_initializer': {'class_name': 'VarianceScaling', 'config': {'scale': 1.0, 'mode': 'fan_avg', 'distribution': 'uniform', 'seed': None}}, 'recurrent_initializer': {'class_name': 'Orthogonal', 'config': {'gain': 1.0, 'seed': None}}, 'bias_initializer': {'class_name': 'Zeros', 'config': {}}, 'unit_forget_bias': True, 'kernel_regularizer': None, 'recurrent_regularizer': None, 'bias_regularizer': None, 'activity_regularizer': None, 'kernel_constraint': None, 'recurrent_constraint': None, 'bias_constraint': None, 'dropout': 0.0, 'recurrent_dropout': 0.0, 'implementation': 1, '_type': <class 'keras.layers.recurrent.LSTM'>}]",15,256,"{'lr': 0.0010000000474974513, 'beta_1': 0.8999999761581421, 'beta_2': 0.9990000128746033, 'decay': 0.0, 'epsilon': 1e-07, 'amsgrad': False, '_type': <class 'keras.optimizers.Adam'>}",0.7881212121790105,"[0.6030889440294522, 0.4715205170894737, 0.3936160242272847, 0.35460337638854983, 0.33110088070470894, 0.3140017579171195, 0.2940455333652781, 0.27616903174991037, 0.2592027731012942, 0.24669799840628212, 0.2387439413533282, 0.23584366611402427, 0.20943283890788236, 0.19553571358723426, 0.19165908636263948]","[0.6777313431483596, 0.7819701491042749, 0.8254925373276668, 0.8453134326863645, 0.8543880597797793, 0.8651343282585714, 0.8745074625940465, 0.882805970327178, 0.8919999999572982, 0.8975522389838945, 0.9005970148328525, 0.899701492658302, 0.9145671641292856, 0.9202388059274474, 0.9219701490900409]"
"[{'name': 'embedding_3', 'trainable': True, 'batch_input_shape': (None, 100), 'dtype': 'float32', 'input_dim': 725, 'output_dim': 1000, 'embeddings_initializer': {'class_name': 'RandomUniform', 'config': {'minval': -0.05, 'maxval': 0.05, 'seed': None}}, 'embeddings_regularizer': None, 'activity_regularizer': None, 'embeddings_constraint': None, 'mask_zero': False, 'input_length': 100, '_type': <class 'keras.layers.embeddings.Embedding'>}, {'name': 'lstm_3', 'trainable': True, 'dtype': 'float32', 'return_sequences': False, 'return_state': False, 'go_backwards': False, 'stateful': False, 'unroll': False, 'units': 32, 'activation': 'tanh', 'recurrent_activation': 'hard_sigmoid', 'use_bias': True, 'kernel_initializer': {'class_name': 'VarianceScaling', 'config': {'scale': 1.0, 'mode': 'fan_avg', 'distribution': 'uniform', 'seed': None}}, 'recurrent_initializer': {'class_name': 'Orthogonal', 'config': {'gain': 1.0, 'seed': None}}, 'bias_initializer': {'class_name': 'Zeros', 'config': {}}, 'unit_forget_bias': True, 'kernel_regularizer': None, 'recurrent_regularizer': None, 'bias_regularizer': None, 'activity_regularizer': None, 'kernel_constraint': None, 'recurrent_constraint': None, 'bias_constraint': None, 'dropout': 0.0, 'recurrent_dropout': 0.0, 'implementation': 1, '_type': <class 'keras.layers.recurrent.LSTM'>}]",15,256,"{'lr': 0.0010000000474974513, 'beta_1': 0.8999999761581421, 'beta_2': 0.9990000128746033, 'decay': 0.0, 'epsilon': 1e-07, 'amsgrad': False, '_type': <class 'keras.optimizers.Adam'>}",0.7930909091631572,"[0.5830020244441815, 0.4391061301373724, 0.38031336765858664, 0.3439936408996582, 0.3256349952149747, 0.2978337533687478, 0.2762981061152558, 0.25649277307026425, 0.23365818448386974, 0.2200637844623025, 0.20130711913464674, 0.1847896049947881, 0.17509008651882854, 0.16224531904797057, 0.14687710380732125]","[0.6860298507249177, 0.800656716553133, 0.8336119402059868, 0.8500895521462853, 0.8577313433547518, 0.8750447762546255, 0.8805970147759167, 0.8911044775692385, 0.9028656718197153, 0.9094925374344214, 0.9178507463896453, 0.9274626866881527, 0.9333134328998737, 0.9386865672282318, 0.9457910447263006]"
"[{'name': 'embedding_4', 'trainable': True, 'batch_input_shape': (None, 100), 'dtype': 'float32', 'input_dim': 725, 'output_dim': 200, 'embeddings_initializer': {'class_name': 'RandomUniform', 'config': {'minval': -0.05, 'maxval': 0.05, 'seed': None}}, 'embeddings_regularizer': None, 'activity_regularizer': None, 'embeddings_constraint': None, 'mask_zero': False, 'input_length': 100, '_type': <class 'keras.layers.embeddings.Embedding'>}, {'name': 'lstm_4', 'trainable': True, 'dtype': 'float32', 'return_sequences': True, 'return_state': False, 'go_backwards': False, 'stateful': False, 'unroll': False, 'units': 32, 'activation': 'tanh', 'recurrent_activation': 'hard_sigmoid', 'use_bias': True, 'kernel_initializer': {'class_name': 'VarianceScaling', 'config': {'scale': 1.0, 'mode': 'fan_avg', 'distribution': 'uniform', 'seed': None}}, 'recurrent_initializer': {'class_name': 'Orthogonal', 'config': {'gain': 1.0, 'seed': None}}, 'bias_initializer': {'class_name': 'Zeros', 'config': {}}, 'unit_forget_bias': True, 'kernel_regularizer': None, 'recurrent_regularizer': None, 'bias_regularizer': None, 'activity_regularizer': None, 'kernel_constraint': None, 'recurrent_constraint': None, 'bias_constraint': None, 'dropout': 0.0, 'recurrent_dropout': 0.0, 'implementation': 1, '_type': <class 'keras.layers.recurrent.LSTM'>}, {'name': 'lstm_5', 'trainable': True, 'dtype': 'float32', 'return_sequences': False, 'return_state': False, 'go_backwards': False, 'stateful': False, 'unroll': False, 'units': 32, 'activation': 'tanh', 'recurrent_activation': 'hard_sigmoid', 'use_bias': True, 'kernel_initializer': {'class_name': 'VarianceScaling', 'config': {'scale': 1.0, 'mode': 'fan_avg', 'distribution': 'uniform', 'seed': None}}, 'recurrent_initializer': {'class_name': 'Orthogonal', 'config': {'gain': 1.0, 'seed': None}}, 'bias_initializer': {'class_name': 'Zeros', 'config': {}}, 'unit_forget_bias': True, 'kernel_regularizer': None, 'recurrent_regularizer': None, 'bias_regularizer': None, 'activity_regularizer': None, 'kernel_constraint': None, 'recurrent_constraint': None, 'bias_constraint': None, 'dropout': 0.0, 'recurrent_dropout': 0.0, 'implementation': 1, '_type': <class 'keras.layers.recurrent.LSTM'>}]",15,256,"{'lr': 0.0010000000474974513, 'beta_1': 0.8999999761581421, 'beta_2': 0.9990000128746033, 'decay': 0.0, 'epsilon': 1e-07, 'amsgrad': False, '_type': <class 'keras.optimizers.Adam'>}",0.7939393941416885,"[0.5625331719740113, 0.41511153295146885, 0.375375513784921, 0.34926179782668154, 0.32728995368018077, 0.3094869811214618, 0.291132288103673, 0.2791806695176594, 0.26855001458481176, 0.2541993939307199, 0.23703571411033175, 0.22809435348368404, 0.2286803824083129, 0.20491930619638357, 0.19429962797663106]","[0.7041791043423895, 0.8160000000711697, 0.836716417874863, 0.8489552240158195, 0.859940298414942, 0.8663283580594988, 0.8740895523669114, 0.8811343285432502, 0.8889552240087025, 0.8960000001850413, 0.9035820897301631, 0.9068059702133064, 0.9057313431270086, 0.9169552237240236, 0.9231641789479043]"
"[{'name': 'embedding_5', 'trainable': True, 'batch_input_shape': (None, 100), 'dtype': 'float32', 'input_dim': 725, 'output_dim': 500, 'embeddings_initializer': {'class_name': 'RandomUniform', 'config': {'minval': -0.05, 'maxval': 0.05, 'seed': None}}, 'embeddings_regularizer': None, 'activity_regularizer': None, 'embeddings_constraint': None, 'mask_zero': False, 'input_length': 100, '_type': <class 'keras.layers.embeddings.Embedding'>}, {'name': 'lstm_6', 'trainable': True, 'dtype': 'float32', 'return_sequences': True, 'return_state': False, 'go_backwards': False, 'stateful': False, 'unroll': False, 'units': 32, 'activation': 'tanh', 'recurrent_activation': 'hard_sigmoid', 'use_bias': True, 'kernel_initializer': {'class_name': 'VarianceScaling', 'config': {'scale': 1.0, 'mode': 'fan_avg', 'distribution': 'uniform', 'seed': None}}, 'recurrent_initializer': {'class_name': 'Orthogonal', 'config': {'gain': 1.0, 'seed': None}}, 'bias_initializer': {'class_name': 'Zeros', 'config': {}}, 'unit_forget_bias': True, 'kernel_regularizer': None, 'recurrent_regularizer': None, 'bias_regularizer': None, 'activity_regularizer': None, 'kernel_constraint': None, 'recurrent_constraint': None, 'bias_constraint': None, 'dropout': 0.0, 'recurrent_dropout': 0.0, 'implementation': 1, '_type': <class 'keras.layers.recurrent.LSTM'>}, {'name': 'lstm_7', 'trainable': True, 'dtype': 'float32', 'return_sequences': False, 'return_state': False, 'go_backwards': False, 'stateful': False, 'unroll': False, 'units': 32, 'activation': 'tanh', 'recurrent_activation': 'hard_sigmoid', 'use_bias': True, 'kernel_initializer': {'class_name': 'VarianceScaling', 'config': {'scale': 1.0, 'mode': 'fan_avg', 'distribution': 'uniform', 'seed': None}}, 'recurrent_initializer': {'class_name': 'Orthogonal', 'config': {'gain': 1.0, 'seed': None}}, 'bias_initializer': {'class_name': 'Zeros', 'config': {}}, 'unit_forget_bias': True, 'kernel_regularizer': None, 'recurrent_regularizer': None, 'bias_regularizer': None, 'activity_regularizer': None, 'kernel_constraint': None, 'recurrent_constraint': None, 'bias_constraint': None, 'dropout': 0.0, 'recurrent_dropout': 0.0, 'implementation': 1, '_type': <class 'keras.layers.recurrent.LSTM'>}]",15,256,"{'lr': 0.0010000000474974513, 'beta_1': 0.8999999761581421, 'beta_2': 0.9990000128746033, 'decay': 0.0, 'epsilon': 1e-07, 'amsgrad': False, '_type': <class 'keras.optimizers.Adam'>}",0.7949090909524398,"[0.5436524667526359, 0.41030109924344876, 0.36554797817699947, 0.3407775608390125, 0.3212382206311866, 0.2972343730819759, 0.2834171896550193, 0.2594238864592652, 0.24734613887765514, 0.23601653255811378, 0.20875608626408362, 0.19627589489097025, 0.18241739413453573, 0.1836295203237391, 0.15088030795463875]","[0.7143283581733704, 0.81802985093131, 0.8410149253375495, 0.8552835820539674, 0.8641791043850913, 0.8761194028356182, 0.8849552237880763, 0.8938507463398264, 0.9017313433476348, 0.9087761195809094, 0.9213731341717848, 0.9255522388771399, 0.9318208956433766, 0.9305074626367483, 0.9462686566096633]"
"[{'name': 'embedding_6', 'trainable': True, 'batch_input_shape': (None, 100), 'dtype': 'float32', 'input_dim': 725, 'output_dim': 1000, 'embeddings_initializer': {'class_name': 'RandomUniform', 'config': {'minval': -0.05, 'maxval': 0.05, 'seed': None}}, 'embeddings_regularizer': None, 'activity_regularizer': None, 'embeddings_constraint': None, 'mask_zero': False, 'input_length': 100, '_type': <class 'keras.layers.embeddings.Embedding'>}, {'name': 'lstm_8', 'trainable': True, 'dtype': 'float32', 'return_sequences': True, 'return_state': False, 'go_backwards': False, 'stateful': False, 'unroll': False, 'units': 32, 'activation': 'tanh', 'recurrent_activation': 'hard_sigmoid', 'use_bias': True, 'kernel_initializer': {'class_name': 'VarianceScaling', 'config': {'scale': 1.0, 'mode': 'fan_avg', 'distribution': 'uniform', 'seed': None}}, 'recurrent_initializer': {'class_name': 'Orthogonal', 'config': {'gain': 1.0, 'seed': None}}, 'bias_initializer': {'class_name': 'Zeros', 'config': {}}, 'unit_forget_bias': True, 'kernel_regularizer': None, 'recurrent_regularizer': None, 'bias_regularizer': None, 'activity_regularizer': None, 'kernel_constraint': None, 'recurrent_constraint': None, 'bias_constraint': None, 'dropout': 0.0, 'recurrent_dropout': 0.0, 'implementation': 1, '_type': <class 'keras.layers.recurrent.LSTM'>}, {'name': 'lstm_9', 'trainable': True, 'dtype': 'float32', 'return_sequences': False, 'return_state': False, 'go_backwards': False, 'stateful': False, 'unroll': False, 'units': 32, 'activation': 'tanh', 'recurrent_activation': 'hard_sigmoid', 'use_bias': True, 'kernel_initializer': {'class_name': 'VarianceScaling', 'config': {'scale': 1.0, 'mode': 'fan_avg', 'distribution': 'uniform', 'seed': None}}, 'recurrent_initializer': {'class_name': 'Orthogonal', 'config': {'gain': 1.0, 'seed': None}}, 'bias_initializer': {'class_name': 'Zeros', 'config': {}}, 'unit_forget_bias': True, 'kernel_regularizer': None, 'recurrent_regularizer': None, 'bias_regularizer': None, 'activity_regularizer': None, 'kernel_constraint': None, 'recurrent_constraint': None, 'bias_constraint': None, 'dropout': 0.0, 'recurrent_dropout': 0.0, 'implementation': 1, '_type': <class 'keras.layers.recurrent.LSTM'>}]",15,256,"{'lr': 0.0010000000474974513, 'beta_1': 0.8999999761581421, 'beta_2': 0.9990000128746033, 'decay': 0.0, 'epsilon': 1e-07, 'amsgrad': False, '_type': <class 'keras.optimizers.Adam'>}",0.7854545453822974,"[0.5404690373370896, 0.41051841572505327, 0.3655394697118161, 0.332627868712838, 0.3015317465333796, 0.2796888895995581, 0.25083134422729264, 0.2217102724402698, 0.19441323522667386, 0.17960198901482483, 0.1577771517643288, 0.1372737602360213, 0.12685202872397294, 0.13404966119154177, 0.10821563205434315]","[0.7247164179887344, 0.8184477613790712, 0.840597014946724, 0.8567761195809094, 0.8722985073132301, 0.8825671642502741, 0.8966567163752086, 0.9116417909451385, 0.9241791044277932, 0.9296119404764318, 0.9419104479391184, 0.950985074797673, 0.9562985074698035, 0.9529552240514043, 0.9625074628573745]"
"[{'name': 'embedding_7', 'trainable': True, 'batch_input_shape': (None, 100), 'dtype': 'float32', 'input_dim': 725, 'output_dim': 200, 'embeddings_initializer': {'class_name': 'RandomUniform', 'config': {'minval': -0.05, 'maxval': 0.05, 'seed': None}}, 'embeddings_regularizer': None, 'activity_regularizer': None, 'embeddings_constraint': None, 'mask_zero': False, 'input_length': 100, '_type': <class 'keras.layers.embeddings.Embedding'>}, {'name': 'bidirectional_1', 'trainable': True, 'dtype': 'float32', 'layer': {'class_name': 'LSTM', 'config': {'name': 'lstm_10', 'trainable': True, 'dtype': 'float32', 'return_sequences': False, 'return_state': False, 'go_backwards': False, 'stateful': False, 'unroll': False, 'units': 32, 'activation': 'tanh', 'recurrent_activation': 'hard_sigmoid', 'use_bias': True, 'kernel_initializer': {'class_name': 'VarianceScaling', 'config': {'scale': 1.0, 'mode': 'fan_avg', 'distribution': 'uniform', 'seed': None}}, 'recurrent_initializer': {'class_name': 'Orthogonal', 'config': {'gain': 1.0, 'seed': None}}, 'bias_initializer': {'class_name': 'Zeros', 'config': {}}, 'unit_forget_bias': True, 'kernel_regularizer': None, 'recurrent_regularizer': None, 'bias_regularizer': None, 'activity_regularizer': None, 'kernel_constraint': None, 'recurrent_constraint': None, 'bias_constraint': None, 'dropout': 0.0, 'recurrent_dropout': 0.0, 'implementation': 1}}, 'merge_mode': 'concat', '_type': <class 'keras.layers.wrappers.Bidirectional'>}]",15,256,"{'lr': 0.0010000000474974513, 'beta_1': 0.8999999761581421, 'beta_2': 0.9990000128746033, 'decay': 0.0, 'epsilon': 1e-07, 'amsgrad': False, '_type': <class 'keras.optimizers.Adam'>}",0.7838787879221367,"[0.5495045186263412, 0.4045682400980992, 0.37007912488659817, 0.3414536298460035, 0.31788439462434, 0.29641310595754367, 0.27756534750425993, 0.2669278054575422, 0.23847495418520115, 0.2192375251641914, 0.20425092928089314, 0.1881175203679213, 0.17794037487257772, 0.15776667354533921, 0.14272111840568372]","[0.7088955225232821, 0.8201791044420271, 0.8365373133830171, 0.8527164179246817, 0.8633432837671309, 0.8739104477825449, 0.8831044774624839, 0.8860895521889872, 0.9026268655221854, 0.9113432837600138, 0.9191044777898646, 0.9238208956433765, 0.9306865671214772, 0.9391641791685303, 0.9458507461619021]"
"[{'name': 'embedding_8', 'trainable': True, 'batch_input_shape': (None, 100), 'dtype': 'float32', 'input_dim': 725, 'output_dim': 500, 'embeddings_initializer': {'class_name': 'RandomUniform', 'config': {'minval': -0.05, 'maxval': 0.05, 'seed': None}}, 'embeddings_regularizer': None, 'activity_regularizer': None, 'embeddings_constraint': None, 'mask_zero': False, 'input_length': 100, '_type': <class 'keras.layers.embeddings.Embedding'>}, {'name': 'bidirectional_2', 'trainable': True, 'dtype': 'float32', 'layer': {'class_name': 'LSTM', 'config': {'name': 'lstm_11', 'trainable': True, 'dtype': 'float32', 'return_sequences': False, 'return_state': False, 'go_backwards': False, 'stateful': False, 'unroll': False, 'units': 32, 'activation': 'tanh', 'recurrent_activation': 'hard_sigmoid', 'use_bias': True, 'kernel_initializer': {'class_name': 'VarianceScaling', 'config': {'scale': 1.0, 'mode': 'fan_avg', 'distribution': 'uniform', 'seed': None}}, 'recurrent_initializer': {'class_name': 'Orthogonal', 'config': {'gain': 1.0, 'seed': None}}, 'bias_initializer': {'class_name': 'Zeros', 'config': {}}, 'unit_forget_bias': True, 'kernel_regularizer': None, 'recurrent_regularizer': None, 'bias_regularizer': None, 'activity_regularizer': None, 'kernel_constraint': None, 'recurrent_constraint': None, 'bias_constraint': None, 'dropout': 0.0, 'recurrent_dropout': 0.0, 'implementation': 1}}, 'merge_mode': 'concat', '_type': <class 'keras.layers.wrappers.Bidirectional'>}]",15,256,"{'lr': 0.0010000000474974513, 'beta_1': 0.8999999761581421, 'beta_2': 0.9990000128746033, 'decay': 0.0, 'epsilon': 1e-07, 'amsgrad': False, '_type': <class 'keras.optimizers.Adam'>}",0.7815757575035095,"[0.5546128854965096, 0.4133627298447623, 0.35812976639306365, 0.3220969355391033, 0.29141885485755864, 0.2710035723252083, 0.24261533255719428, 0.21180804063313044, 0.18583142543728673, 0.16133171402874277, 0.14946408042178225, 0.14085924454055615, 0.11110895761803015, 0.0922839118171094, 0.07877867340507792]","[0.7123582089267559, 0.8178507462828907, 0.843820895543739, 0.8617313432408803, 0.876477612061287, 0.8854925374984741, 0.897850746453698, 0.9127761192464117, 0.926029850924193, 0.9374328358280125, 0.9413731343354752, 0.9478208954725692, 0.9601791043139216, 0.9687164180314363, 0.97558208950242]"
"[{'name': 'embedding_9', 'trainable': True, 'batch_input_shape': (None, 100), 'dtype': 'float32', 'input_dim': 725, 'output_dim': 1000, 'embeddings_initializer': {'class_name': 'RandomUniform', 'config': {'minval': -0.05, 'maxval': 0.05, 'seed': None}}, 'embeddings_regularizer': None, 'activity_regularizer': None, 'embeddings_constraint': None, 'mask_zero': False, 'input_length': 100, '_type': <class 'keras.layers.embeddings.Embedding'>}, {'name': 'bidirectional_3', 'trainable': True, 'dtype': 'float32', 'layer': {'class_name': 'LSTM', 'config': {'name': 'lstm_12', 'trainable': True, 'dtype': 'float32', 'return_sequences': False, 'return_state': False, 'go_backwards': False, 'stateful': False, 'unroll': False, 'units': 32, 'activation': 'tanh', 'recurrent_activation': 'hard_sigmoid', 'use_bias': True, 'kernel_initializer': {'class_name': 'VarianceScaling', 'config': {'scale': 1.0, 'mode': 'fan_avg', 'distribution': 'uniform', 'seed': None}}, 'recurrent_initializer': {'class_name': 'Orthogonal', 'config': {'gain': 1.0, 'seed': None}}, 'bias_initializer': {'class_name': 'Zeros', 'config': {}}, 'unit_forget_bias': True, 'kernel_regularizer': None, 'recurrent_regularizer': None, 'bias_regularizer': None, 'activity_regularizer': None, 'kernel_constraint': None, 'recurrent_constraint': None, 'bias_constraint': None, 'dropout': 0.0, 'recurrent_dropout': 0.0, 'implementation': 1}}, 'merge_mode': 'concat', '_type': <class 'keras.layers.wrappers.Bidirectional'>}]",15,256,"{'lr': 0.0010000000474974513, 'beta_1': 0.8999999761581421, 'beta_2': 0.9990000128746033, 'decay': 0.0, 'epsilon': 1e-07, 'amsgrad': False, '_type': <class 'keras.optimizers.Adam'>}",0.7669090908512924,"[0.5553373444436202, 0.4312662379136726, 0.37705417831976024, 0.3314488192707745, 0.30319951683727664, 0.27638581808645335, 0.24705169265127894, 0.23236486496142486, 0.19963410787617983, 0.17657746823332204, 0.1541916673183441, 0.13842595033681215, 0.11409037831914959, 0.10514622489996811, 0.0879295452726421]","[0.7073432835465047, 0.807820895536622, 0.8337313432479972, 0.8565970147759168, 0.8714626866383339, 0.8834029850888608, 0.8977910447832363, 0.9050149254443041, 0.9191641789479043, 0.9310447761834557, 0.9410149253233155, 0.9478805971928497, 0.9574328356572052, 0.963164178997723, 0.9700298505825783]"
"[{'name': 'embedding_10', 'trainable': True, 'batch_input_shape': (None, 100), 'dtype': 'float32', 'input_dim': 725, 'output_dim': 200, 'embeddings_initializer': {'class_name': 'RandomUniform', 'config': {'minval': -0.05, 'maxval': 0.05, 'seed': None}}, 'embeddings_regularizer': None, 'activity_regularizer': None, 'embeddings_constraint': None, 'mask_zero': False, 'input_length': 100, '_type': <class 'keras.layers.embeddings.Embedding'>}, {'name': 'bidirectional_4', 'trainable': True, 'dtype': 'float32', 'layer': {'class_name': 'LSTM', 'config': {'name': 'lstm_13', 'trainable': True, 'dtype': 'float32', 'return_sequences': True, 'return_state': False, 'go_backwards': False, 'stateful': False, 'unroll': False, 'units': 32, 'activation': 'tanh', 'recurrent_activation': 'hard_sigmoid', 'use_bias': True, 'kernel_initializer': {'class_name': 'VarianceScaling', 'config': {'scale': 1.0, 'mode': 'fan_avg', 'distribution': 'uniform', 'seed': None}}, 'recurrent_initializer': {'class_name': 'Orthogonal', 'config': {'gain': 1.0, 'seed': None}}, 'bias_initializer': {'class_name': 'Zeros', 'config': {}}, 'unit_forget_bias': True, 'kernel_regularizer': None, 'recurrent_regularizer': None, 'bias_regularizer': None, 'activity_regularizer': None, 'kernel_constraint': None, 'recurrent_constraint': None, 'bias_constraint': None, 'dropout': 0.0, 'recurrent_dropout': 0.0, 'implementation': 1}}, 'merge_mode': 'concat', '_type': <class 'keras.layers.wrappers.Bidirectional'>}, {'name': 'lstm_14', 'trainable': True, 'dtype': 'float32', 'return_sequences': False, 'return_state': False, 'go_backwards': False, 'stateful': False, 'unroll': False, 'units': 32, 'activation': 'tanh', 'recurrent_activation': 'hard_sigmoid', 'use_bias': True, 'kernel_initializer': {'class_name': 'VarianceScaling', 'config': {'scale': 1.0, 'mode': 'fan_avg', 'distribution': 'uniform', 'seed': None}}, 'recurrent_initializer': {'class_name': 'Orthogonal', 'config': {'gain': 1.0, 'seed': None}}, 'bias_initializer': {'class_name': 'Zeros', 'config': {}}, 'unit_forget_bias': True, 'kernel_regularizer': None, 'recurrent_regularizer': None, 'bias_regularizer': None, 'activity_regularizer': None, 'kernel_constraint': None, 'recurrent_constraint': None, 'bias_constraint': None, 'dropout': 0.0, 'recurrent_dropout': 0.0, 'implementation': 1, '_type': <class 'keras.layers.recurrent.LSTM'>}]",15,256,"{'lr': 0.0010000000474974513, 'beta_1': 0.8999999761581421, 'beta_2': 0.9990000128746033, 'decay': 0.0, 'epsilon': 1e-07, 'amsgrad': False, '_type': <class 'keras.optimizers.Adam'>}",0.7963636365659309,"[0.5297874505733376, 0.4012004017296122, 0.36607737618417885, 0.3408319835876351, 0.3292278905662138, 0.30862840431127975, 0.2919237838538725, 0.28161121123940197, 0.268274795293808, 0.24689749753119342, 0.23312860166492747, 0.2240114456717648, 0.22072299555166444, 0.20329184419361512, 0.2005027093922914]","[0.7303880596089719, 0.8232238805543131, 0.8420895523740285, 0.852119402892554, 0.8571343284863144, 0.86668656718553, 0.876537313390134, 0.8796417909451385, 0.8871641789550212, 0.8958805970220424, 0.9034029851386797, 0.9072835821607219, 0.9093731342287206, 0.9170746268727886, 0.917611940419496]"
"[{'name': 'embedding_11', 'trainable': True, 'batch_input_shape': (None, 100), 'dtype': 'float32', 'input_dim': 725, 'output_dim': 500, 'embeddings_initializer': {'class_name': 'RandomUniform', 'config': {'minval': -0.05, 'maxval': 0.05, 'seed': None}}, 'embeddings_regularizer': None, 'activity_regularizer': None, 'embeddings_constraint': None, 'mask_zero': False, 'input_length': 100, '_type': <class 'keras.layers.embeddings.Embedding'>}, {'name': 'bidirectional_5', 'trainable': True, 'dtype': 'float32', 'layer': {'class_name': 'LSTM', 'config': {'name': 'lstm_15', 'trainable': True, 'dtype': 'float32', 'return_sequences': True, 'return_state': False, 'go_backwards': False, 'stateful': False, 'unroll': False, 'units': 32, 'activation': 'tanh', 'recurrent_activation': 'hard_sigmoid', 'use_bias': True, 'kernel_initializer': {'class_name': 'VarianceScaling', 'config': {'scale': 1.0, 'mode': 'fan_avg', 'distribution': 'uniform', 'seed': None}}, 'recurrent_initializer': {'class_name': 'Orthogonal', 'config': {'gain': 1.0, 'seed': None}}, 'bias_initializer': {'class_name': 'Zeros', 'config': {}}, 'unit_forget_bias': True, 'kernel_regularizer': None, 'recurrent_regularizer': None, 'bias_regularizer': None, 'activity_regularizer': None, 'kernel_constraint': None, 'recurrent_constraint': None, 'bias_constraint': None, 'dropout': 0.0, 'recurrent_dropout': 0.0, 'implementation': 1}}, 'merge_mode': 'concat', '_type': <class 'keras.layers.wrappers.Bidirectional'>}, {'name': 'lstm_16', 'trainable': True, 'dtype': 'float32', 'return_sequences': False, 'return_state': False, 'go_backwards': False, 'stateful': False, 'unroll': False, 'units': 32, 'activation': 'tanh', 'recurrent_activation': 'hard_sigmoid', 'use_bias': True, 'kernel_initializer': {'class_name': 'VarianceScaling', 'config': {'scale': 1.0, 'mode': 'fan_avg', 'distribution': 'uniform', 'seed': None}}, 'recurrent_initializer': {'class_name': 'Orthogonal', 'config': {'gain': 1.0, 'seed': None}}, 'bias_initializer': {'class_name': 'Zeros', 'config': {}}, 'unit_forget_bias': True, 'kernel_regularizer': None, 'recurrent_regularizer': None, 'bias_regularizer': None, 'activity_regularizer': None, 'kernel_constraint': None, 'recurrent_constraint': None, 'bias_constraint': None, 'dropout': 0.0, 'recurrent_dropout': 0.0, 'implementation': 1, '_type': <class 'keras.layers.recurrent.LSTM'>}]",15,256,"{'lr': 0.0010000000474974513, 'beta_1': 0.8999999761581421, 'beta_2': 0.9990000128746033, 'decay': 0.0, 'epsilon': 1e-07, 'amsgrad': False, '_type': <class 'keras.optimizers.Adam'>}",0.789454545512344,"[0.5533552032940423, 0.4222077872005861, 0.38243046783333395, 0.35402224109421915, 0.33114046551576304, 0.31025782045677525, 0.30721237613194025, 0.2842294344261511, 0.2678385750713633, 0.2639609140851604, 0.2450704396731818, 0.22707163673194486, 0.21146355113698476, 0.19425655500568562, 0.19075205015780322]","[0.7139104476829073, 0.8130746268870226, 0.8355820897372801, 0.8461492539235015, 0.8592238804973773, 0.8687164178179271, 0.8708059702204235, 0.8833432837600139, 0.8906268657356945, 0.8906268655221854, 0.9003582089694578, 0.9110447761265199, 0.9179104478821826, 0.9237611940369678, 0.9255522389838945]"
"[{'name': 'embedding_12', 'trainable': True, 'batch_input_shape': (None, 100), 'dtype': 'float32', 'input_dim': 725, 'output_dim': 1000, 'embeddings_initializer': {'class_name': 'RandomUniform', 'config': {'minval': -0.05, 'maxval': 0.05, 'seed': None}}, 'embeddings_regularizer': None, 'activity_regularizer': None, 'embeddings_constraint': None, 'mask_zero': False, 'input_length': 100, '_type': <class 'keras.layers.embeddings.Embedding'>}, {'name': 'bidirectional_6', 'trainable': True, 'dtype': 'float32', 'layer': {'class_name': 'LSTM', 'config': {'name': 'lstm_17', 'trainable': True, 'dtype': 'float32', 'return_sequences': True, 'return_state': False, 'go_backwards': False, 'stateful': False, 'unroll': False, 'units': 32, 'activation': 'tanh', 'recurrent_activation': 'hard_sigmoid', 'use_bias': True, 'kernel_initializer': {'class_name': 'VarianceScaling', 'config': {'scale': 1.0, 'mode': 'fan_avg', 'distribution': 'uniform', 'seed': None}}, 'recurrent_initializer': {'class_name': 'Orthogonal', 'config': {'gain': 1.0, 'seed': None}}, 'bias_initializer': {'class_name': 'Zeros', 'config': {}}, 'unit_forget_bias': True, 'kernel_regularizer': None, 'recurrent_regularizer': None, 'bias_regularizer': None, 'activity_regularizer': None, 'kernel_constraint': None, 'recurrent_constraint': None, 'bias_constraint': None, 'dropout': 0.0, 'recurrent_dropout': 0.0, 'implementation': 1}}, 'merge_mode': 'concat', '_type': <class 'keras.layers.wrappers.Bidirectional'>}, {'name': 'lstm_18', 'trainable': True, 'dtype': 'float32', 'return_sequences': False, 'return_state': False, 'go_backwards': False, 'stateful': False, 'unroll': False, 'units': 32, 'activation': 'tanh', 'recurrent_activation': 'hard_sigmoid', 'use_bias': True, 'kernel_initializer': {'class_name': 'VarianceScaling', 'config': {'scale': 1.0, 'mode': 'fan_avg', 'distribution': 'uniform', 'seed': None}}, 'recurrent_initializer': {'class_name': 'Orthogonal', 'config': {'gain': 1.0, 'seed': None}}, 'bias_initializer': {'class_name': 'Zeros', 'config': {}}, 'unit_forget_bias': True, 'kernel_regularizer': None, 'recurrent_regularizer': None, 'bias_regularizer': None, 'activity_regularizer': None, 'kernel_constraint': None, 'recurrent_constraint': None, 'bias_constraint': None, 'dropout': 0.0, 'recurrent_dropout': 0.0, 'implementation': 1, '_type': <class 'keras.layers.recurrent.LSTM'>}]",15,256,"{'lr': 0.0010000000474974513, 'beta_1': 0.8999999761581421, 'beta_2': 0.9990000128746033, 'decay': 0.0, 'epsilon': 1e-07, 'amsgrad': False, '_type': <class 'keras.optimizers.Adam'>}",0.7947878787011812,"[0.5628203556217365, 0.45568496594144337, 0.38384688205505485, 0.35110706614380455, 0.32782516387327393, 0.3083696525737421, 0.29144185388799926, 0.26778346797067726, 0.2556678513537592, 0.23922990433137808, 0.22914531447638326, 0.20616552058084686, 0.1951871855525828, 0.18890174419310554, 0.18704163743132976]","[0.7046567166100687, 0.7967761192606456, 0.8328358207958848, 0.8476417910020743, 0.8601194030633613, 0.870388059601855, 0.8779701494316556, 0.8888955224022936, 0.8957611941508393, 0.9032835820468504, 0.9079999998932454, 0.9200597013857827, 0.9233432834183992, 0.9266865670076057, 0.9292537313504006]"
